id;code;title;main_content;create_time;update_time;create_name;update_name;file_name;file_path;file_id
1;throughout unless while;nitrify pace;ha;2024-09-30T04:46:08;2024-09-29T14:32:11;heavily roasted;pale resuscitate unfit;weep;livid owlishly;usefully of
2;comradeship exactly;fooey electrocute felony;whether;2024-09-29T19:19:51;2024-09-29T21:47:47;till sugar desktop;patiently;victoriously spicy;whose;wisely
3;now;hm;aha hm;2024-09-30T14:07:24;2024-09-30T09:15:22;mecca fall;oh;piracy how instead;excepting finally;heavily underneath
4;springboard;man;why;2024-09-30T06:37:35;2024-09-30T00:19:48;drat yawningly oh;ew justly yuck;woefully barring;eyelids meanwhile stealthily;once
5;wetly;innocent;against midst however;2024-09-29T22:15:42;2024-09-30T08:04:14;the;breakable verbally frankly;emcee trivialize diligent;prize;woot
6;gifted monsoon clean;salad;plane exotic gah;2024-09-29T22:10:11;2024-09-29T22:43:17;bah same;amid grove burn;blah;whoever nervously graft;mat
7;preoccupation now;flashy;whereas;2024-09-29T21:33:55;2024-09-29T20:30:36;accelerant;gee readily furthermore;monthly hm;oh;for
8;whoever yowza;cc zowie;yahoo pump;2024-09-30T09:25:34;2024-09-30T00:32:59;valid restfully bluff;yuck psst;what;witty tower honestly;hidden besides
9;scarily nationality;descent;christen orientation methinks;2024-09-30T04:01:48;2024-09-30T00:23:03;helplessly utterly;sunshine scary;warm radiant;neighboring yippee;fatally
10;gadzooks while before;wonderfully intently;revamp;2024-09-29T23:37:55;2024-09-29T16:17:12;boo qua;despite whoever;gibber meanwhile;carefree;yet
